model_name,accuracy,F1,roc_auc
Logistic Regression,0.756,0.6573033707865169,0.7904690805026751
decision_tree,0.814,0.7028753993610224,0.77616914626993
Randome_forest,0.824,0.7124183006535948,0.7955882614337262
