Feature,Importance
Daily_Usage_Mins,0.6609858159126463
Login_Frequency,0.27489573065075623
Account_Age_Days,0.06411845343659758
